[{"createdAt":"2025-11-16T07:53:38Z","labels":[{"id":"LA_kwDOQWJc6s8AAAACP4FvLA","name":"priority:high","description":"High priority issue","color":"d73a4a"}],"number":21,"state":"CLOSED","title":"AGQ-016: Align nomenclature and API with EXECUTION-LAYERS spec","updatedAt":"2025-11-16T08:29:59Z"},{"createdAt":"2025-11-15T20:16:17Z","labels":[],"number":20,"state":"OPEN","title":"AGQ-015: Add plan query and search API","updatedAt":"2025-11-15T20:16:17Z"},{"createdAt":"2025-11-15T20:15:16Z","labels":[],"number":19,"state":"OPEN","title":"AGQ-014: Implement plan storage and versioning","updatedAt":"2025-11-15T20:15:16Z"},{"createdAt":"2025-11-15T20:12:27Z","labels":[],"number":18,"state":"OPEN","title":"AGQ-013: Add queue discovery and management","updatedAt":"2025-11-15T20:12:27Z"},{"createdAt":"2025-11-15T20:11:45Z","labels":[],"number":17,"state":"OPEN","title":"AGQ-012: Implement failed job handling and retry logic","updatedAt":"2025-11-15T20:11:45Z"},{"createdAt":"2025-11-15T20:04:15Z","labels":[],"number":16,"state":"OPEN","title":"AGQ-011: Implement RPOPLPUSH for atomic queue transitions","updatedAt":"2025-11-15T20:04:15Z"},{"createdAt":"2025-11-15T09:37:47Z","labels":[],"number":10,"state":"OPEN","title":"AGQ-010: Add structured logging and error handling","updatedAt":"2025-11-15T09:37:47Z"},{"createdAt":"2025-11-15T09:37:46Z","labels":[],"number":9,"state":"OPEN","title":"AGQ-009: Add PLAN submission endpoint","updatedAt":"2025-11-15T09:37:46Z"},{"createdAt":"2025-11-15T09:37:45Z","labels":[],"number":8,"state":"OPEN","title":"AGQ-008: Implement RESP command router","updatedAt":"2025-11-15T09:37:45Z"},{"createdAt":"2025-11-15T09:37:43Z","labels":[],"number":7,"state":"OPEN","title":"AGQ-007: Implement worker heartbeat registry","updatedAt":"2025-11-15T09:37:43Z"},{"createdAt":"2025-11-15T09:37:41Z","labels":[],"number":6,"state":"OPEN","title":"AGQ-006: Implement job metadata storage","updatedAt":"2025-11-15T09:37:41Z"},{"createdAt":"2025-11-15T09:37:40Z","labels":[],"number":5,"state":"OPEN","title":"AGQ-005: Implement ZADD-based scheduling queue","updatedAt":"2025-11-15T09:37:40Z"},{"createdAt":"2025-11-15T09:37:38Z","labels":[],"number":4,"state":"CLOSED","title":"AGQ-004: Implement LPUSH/BRPOP list queue","updatedAt":"2025-11-15T19:41:39Z"},{"createdAt":"2025-11-15T09:37:37Z","labels":[],"number":3,"state":"CLOSED","title":"AGQ-003: Integrate embedded HeroDB (redb backend)","updatedAt":"2025-11-15T18:15:27Z"},{"createdAt":"2025-11-15T09:37:36Z","labels":[],"number":2,"state":"CLOSED","title":"AGQ-002: Implement session-key authentication","updatedAt":"2025-11-15T17:12:38Z"},{"createdAt":"2025-11-15T09:37:34Z","labels":[],"number":1,"state":"CLOSED","title":"AGQ-001: Create minimal Rust binary with RESP listener","updatedAt":"2025-11-15T16:04:30Z"}]
