[{"createdAt":"2025-11-16T08:21:02Z","labels":[{"id":"LA_kwDOQWJc6s8AAAACPzzj9A","name":"documentation","description":"Improvements or additions to documentation","color":"0075ca"},{"id":"LA_kwDOQWJc6s8AAAACP4FvLA","name":"priority:high","description":"High priority issue","color":"d73a4a"}],"number":22,"state":"MERGED","title":"AGQ-016: Align documentation with EXECUTION-LAYERS nomenclature","updatedAt":"2025-11-16T08:30:03Z"},{"createdAt":"2025-11-15T18:28:23Z","labels":[],"number":15,"state":"MERGED","title":"AGQ-004: Implement LPUSH/RPOP/LLEN/LRANGE/BRPOP list operations","updatedAt":"2025-11-15T20:16:48Z"},{"createdAt":"2025-11-15T17:50:44Z","labels":[],"number":14,"state":"MERGED","title":"Add Claude Code GitHub Workflow","updatedAt":"2025-11-15T17:52:42Z"},{"createdAt":"2025-11-15T17:39:38Z","labels":[],"number":13,"state":"MERGED","title":"AGQ-003: Implement redb foundation with GET/SET/DEL/EXISTS commands","updatedAt":"2025-11-15T18:15:33Z"},{"createdAt":"2025-11-15T16:51:54Z","labels":[],"number":12,"state":"MERGED","title":"AGQ-002: Add --session-key CLI flag and environment variable support","updatedAt":"2025-11-15T17:12:44Z"},{"createdAt":"2025-11-15T10:17:48Z","labels":[],"number":11,"state":"MERGED","title":"AGQ-001: Implement minimal RESP server with AUTH and PING support","updatedAt":"2025-11-15T16:04:33Z"}]
