{"sha":"953604d72328f7bab312efc8a9c6e40303f83c58","url":"https://api.github.com/repos/agenix-sh/agq/git/trees/953604d72328f7bab312efc8a9c6e40303f83c58","tree":[{"path":".github","mode":"040000","type":"tree","sha":"23254631c180eb45f094b5ef734a4e8d46ce4c71","url":"https://api.github.com/repos/agenix-sh/agq/git/trees/23254631c180eb45f094b5ef734a4e8d46ce4c71"},{"path":".github/CICD_SETUP.md","mode":"100644","type":"blob","sha":"1eb80431b7c786f00e4230a4ed43c412fbd12408","size":9226,"url":"https://api.github.com/repos/agenix-sh/agq/git/blobs/1eb80431b7c786f00e4230a4ed43c412fbd12408"},{"path":".github/DEPLOYMENT_SUMMARY.md","mode":"100644","type":"blob","sha":"9e549ea64bd4249bc605753adedc53d616fa1360","size":10204,"url":"https://api.github.com/repos/agenix-sh/agq/git/blobs/9e549ea64bd4249bc605753adedc53d616fa1360"},{"path":".github/TEMPLATE_FOR_AGX_AGW.md","mode":"100644","type":"blob","sha":"60bd58b7b72652b2a8603fcfb2e187f87b271506","size":5800,"url":"https://api.github.com/repos/agenix-sh/agq/git/blobs/60bd58b7b72652b2a8603fcfb2e187f87b271506"},{"path":".github/workflows","mode":"040000","type":"tree","sha":"1d344c7635524bdcd7d16dae4e77527f51603e7a","url":"https://api.github.com/repos/agenix-sh/agq/git/trees/1d344c7635524bdcd7d16dae4e77527f51603e7a"},{"path":".github/workflows/ci.yml","mode":"100644","type":"blob","sha":"065f67ce73f986a44c0914f63b6f4c4a154b2f42","size":4901,"url":"https://api.github.com/repos/agenix-sh/agq/git/blobs/065f67ce73f986a44c0914f63b6f4c4a154b2f42"},{"path":".github/workflows/claude-code-review.yml","mode":"100644","type":"blob","sha":"205b0fe26d17d9b70804d2f9b8dff4fbb60b1cb7","size":1964,"url":"https://api.github.com/repos/agenix-sh/agq/git/blobs/205b0fe26d17d9b70804d2f9b8dff4fbb60b1cb7"},{"path":".github/workflows/claude.yml","mode":"100644","type":"blob","sha":"412cef9e6785990d352aec5b9df3141e878fe3b5","size":1898,"url":"https://api.github.com/repos/agenix-sh/agq/git/blobs/412cef9e6785990d352aec5b9df3141e878fe3b5"},{"path":".github/workflows/pr-checks.yml","mode":"100644","type":"blob","sha":"39dd4d58f126add4252d2c653728195901057417","size":6964,"url":"https://api.github.com/repos/agenix-sh/agq/git/blobs/39dd4d58f126add4252d2c653728195901057417"},{"path":".github/workflows/release.yml","mode":"100644","type":"blob","sha":"883290191ded831522d81bbf98ee197359df3766","size":4091,"url":"https://api.github.com/repos/agenix-sh/agq/git/blobs/883290191ded831522d81bbf98ee197359df3766"},{"path":".gitignore","mode":"100644","type":"blob","sha":"12b260ea1d4e63e246c5b54856d7c60401a4cd90","size":83,"url":"https://api.github.com/repos/agenix-sh/agq/git/blobs/12b260ea1d4e63e246c5b54856d7c60401a4cd90"},{"path":"ARCHITECTURE.md","mode":"100644","type":"blob","sha":"37f29930d7107b32c4dddce5a0aabddcd6244687","size":4559,"url":"https://api.github.com/repos/agenix-sh/agq/git/blobs/37f29930d7107b32c4dddce5a0aabddcd6244687"},{"path":"CLAUDE.md","mode":"100644","type":"blob","sha":"94339ad78263f9630610e3e9e2e7b2ef05773108","size":20111,"url":"https://api.github.com/repos/agenix-sh/agq/git/blobs/94339ad78263f9630610e3e9e2e7b2ef05773108"},{"path":"Cargo.lock","mode":"100644","type":"blob","sha":"6d77102de5b006fba71360b5e7606ed82b95f99e","size":26515,"url":"https://api.github.com/repos/agenix-sh/agq/git/blobs/6d77102de5b006fba71360b5e7606ed82b95f99e"},{"path":"Cargo.toml","mode":"100644","type":"blob","sha":"312dc96b4a4bc5c39d843c0f259aa6e087186e60","size":675,"url":"https://api.github.com/repos/agenix-sh/agq/git/blobs/312dc96b4a4bc5c39d843c0f259aa6e087186e60"},{"path":"README.md","mode":"100644","type":"blob","sha":"7f76a3805c83f97642c2125afb9782df84ad0694","size":218,"url":"https://api.github.com/repos/agenix-sh/agq/git/blobs/7f76a3805c83f97642c2125afb9782df84ad0694"},{"path":"ROADMAP.md","mode":"100644","type":"blob","sha":"f41348dee22802ed5843f596088e17bd098604b2","size":3241,"url":"https://api.github.com/repos/agenix-sh/agq/git/blobs/f41348dee22802ed5843f596088e17bd098604b2"},{"path":"docs","mode":"040000","type":"tree","sha":"4d9c17e0d3122ade1c8ba57a5b949ece62d9ebc4","url":"https://api.github.com/repos/agenix-sh/agq/git/trees/4d9c17e0d3122ade1c8ba57a5b949ece62d9ebc4"},{"path":"docs/NOMENCLATURE.md","mode":"100644","type":"blob","sha":"dba5e4b2419f3967b2963a5894002d328d3b108f","size":4950,"url":"https://api.github.com/repos/agenix-sh/agq/git/blobs/dba5e4b2419f3967b2963a5894002d328d3b108f"},{"path":"rust-toolchain.toml","mode":"100644","type":"blob","sha":"35a71bb786ac511db63d171edc1d430c4d4a550e","size":98,"url":"https://api.github.com/repos/agenix-sh/agq/git/blobs/35a71bb786ac511db63d171edc1d430c4d4a550e"},{"path":"src","mode":"040000","type":"tree","sha":"f5ff7937833e1c70303ceb6c2275264eec96002b","url":"https://api.github.com/repos/agenix-sh/agq/git/trees/f5ff7937833e1c70303ceb6c2275264eec96002b"},{"path":"src/error.rs","mode":"100644","type":"blob","sha":"06a0b7d1b977434ee2c48b417adea86ab8117e9e","size":1538,"url":"https://api.github.com/repos/agenix-sh/agq/git/blobs/06a0b7d1b977434ee2c48b417adea86ab8117e9e"},{"path":"src/lib.rs","mode":"100644","type":"blob","sha":"ca3e01a61f431d7890f3f695209dbfc2085d0630","size":349,"url":"https://api.github.com/repos/agenix-sh/agq/git/blobs/ca3e01a61f431d7890f3f695209dbfc2085d0630"},{"path":"src/main.rs","mode":"100644","type":"blob","sha":"8a15937dee914d8e1f5809ea1c6e72be72a7a184","size":5805,"url":"https://api.github.com/repos/agenix-sh/agq/git/blobs/8a15937dee914d8e1f5809ea1c6e72be72a7a184"},{"path":"src/resp.rs","mode":"100644","type":"blob","sha":"8b72ebe681f8d245157192ad86e4cd73258103d8","size":12469,"url":"https://api.github.com/repos/agenix-sh/agq/git/blobs/8b72ebe681f8d245157192ad86e4cd73258103d8"},{"path":"src/server.rs","mode":"100644","type":"blob","sha":"b3a8be9181b301e5bd66762e77194562f7da758a","size":26153,"url":"https://api.github.com/repos/agenix-sh/agq/git/blobs/b3a8be9181b301e5bd66762e77194562f7da758a"},{"path":"src/storage","mode":"040000","type":"tree","sha":"caa3254890e3ccbeee2a6bf7c1bb17292467cacf","url":"https://api.github.com/repos/agenix-sh/agq/git/trees/caa3254890e3ccbeee2a6bf7c1bb17292467cacf"},{"path":"src/storage/db.rs","mode":"100644","type":"blob","sha":"89c52860b992d6b9b88c7aebc8376db35c61432b","size":23461,"url":"https://api.github.com/repos/agenix-sh/agq/git/blobs/89c52860b992d6b9b88c7aebc8376db35c61432b"},{"path":"src/storage/mod.rs","mode":"100644","type":"blob","sha":"c11944dabe00b91880922fd5b23626de1a902f00","size":2349,"url":"https://api.github.com/repos/agenix-sh/agq/git/blobs/c11944dabe00b91880922fd5b23626de1a902f00"},{"path":"tests","mode":"040000","type":"tree","sha":"85520d7aa354dc794d1e286e08e26d36e5a552ca","url":"https://api.github.com/repos/agenix-sh/agq/git/trees/85520d7aa354dc794d1e286e08e26d36e5a552ca"},{"path":"tests/resp_protocol.rs","mode":"100644","type":"blob","sha":"8e763d43affa490ba6a9980aff6b93c5a488a480","size":21728,"url":"https://api.github.com/repos/agenix-sh/agq/git/blobs/8e763d43affa490ba6a9980aff6b93c5a488a480"}],"truncated":false}