[{"createdAt":"2025-11-16T07:55:15Z","labels":[],"number":18,"state":"OPEN","title":"AGW-012: Align codebase nomenclature with EXECUTION-LAYERS.md","updatedAt":"2025-11-16T07:59:08Z"},{"createdAt":"2025-11-15T19:33:46Z","labels":[],"number":16,"state":"CLOSED","title":"AGW-011: Refactor to support multi-step plan execution","updatedAt":"2025-11-16T08:32:19Z"},{"createdAt":"2025-11-15T10:07:40Z","labels":[],"number":10,"state":"OPEN","title":"AGW-010: Add structured logging and error handling","updatedAt":"2025-11-15T10:07:40Z"},{"createdAt":"2025-11-15T10:07:38Z","labels":[],"number":9,"state":"OPEN","title":"AGW-009: Implement shutdown and job interruption","updatedAt":"2025-11-15T10:07:38Z"},{"createdAt":"2025-11-15T10:07:36Z","labels":[],"number":8,"state":"OPEN","title":"AGW-008: Implement tool availability metadata","updatedAt":"2025-11-15T10:07:36Z"},{"createdAt":"2025-11-15T10:07:35Z","labels":[],"number":7,"state":"OPEN","title":"AGW-007: Implement result posting to AGQ","updatedAt":"2025-11-15T10:07:35Z"},{"createdAt":"2025-11-15T10:07:33Z","labels":[],"number":6,"state":"CLOSED","title":"AGW-006: Implement step execution engine","updatedAt":"2025-11-15T19:32:18Z"},{"createdAt":"2025-11-15T10:07:32Z","labels":[],"number":5,"state":"CLOSED","title":"AGW-005: Implement blocking job fetch (BRPOP equivalent)","updatedAt":"2025-11-15T18:15:05Z"},{"createdAt":"2025-11-15T10:07:31Z","labels":[],"number":4,"state":"CLOSED","title":"AGW-004: Implement worker heartbeat","updatedAt":"2025-11-15T16:50:51Z"},{"createdAt":"2025-11-15T10:07:29Z","labels":[],"number":3,"state":"CLOSED","title":"AGW-003: Implement RESP client","updatedAt":"2025-11-15T16:50:49Z"},{"createdAt":"2025-11-15T10:07:28Z","labels":[],"number":2,"state":"CLOSED","title":"AGW-002: Implement session-key authentication","updatedAt":"2025-11-15T16:50:47Z"},{"createdAt":"2025-11-15T10:07:26Z","labels":[],"number":1,"state":"CLOSED","title":"AGW-001: Create minimal Rust worker binary","updatedAt":"2025-11-15T13:43:41Z"}]
