[{"createdAt":"2025-11-15T20:46:54Z","labels":[],"number":17,"state":"MERGED","title":"AGW-011: Implement multi-step plan execution","updatedAt":"2025-11-16T08:32:21Z"},{"createdAt":"2025-11-15T18:23:51Z","labels":[],"number":15,"state":"MERGED","title":"AGW-006: Implement step execution engine","updatedAt":"2025-11-15T19:32:21Z"},{"createdAt":"2025-11-15T17:01:28Z","labels":[],"number":14,"state":"MERGED","title":"AGW-005: Implement blocking job fetch (BRPOP)","updatedAt":"2025-11-15T18:20:49Z"},{"createdAt":"2025-11-15T14:55:50Z","labels":[],"number":13,"state":"MERGED","title":"AGW-002: Add CI/CD infrastructure","updatedAt":"2025-11-15T16:37:27Z"},{"createdAt":"2025-11-15T13:44:58Z","labels":[],"number":12,"state":"MERGED","title":"Add Claude Code GitHub Workflow","updatedAt":"2025-11-15T13:45:07Z"},{"createdAt":"2025-11-15T13:23:47Z","labels":[],"number":11,"state":"MERGED","title":"AGW-001: Implement minimal Rust worker binary","updatedAt":"2025-11-15T13:43:40Z"}]
