{"id":1096965536,"node_id":"R_kgDOQWJdoA","name":"agw","full_name":"agenix-sh/agw","private":false,"owner":{"login":"agenix-sh","id":243966935,"node_id":"O_kgDODoqj1w","avatar_url":"https://avatars.githubusercontent.com/u/243966935?v=4","gravatar_id":"","url":"https://api.github.com/users/agenix-sh","html_url":"https://github.com/agenix-sh","followers_url":"https://api.github.com/users/agenix-sh/followers","following_url":"https://api.github.com/users/agenix-sh/following{/other_user}","gists_url":"https://api.github.com/users/agenix-sh/gists{/gist_id}","starred_url":"https://api.github.com/users/agenix-sh/starred{/owner}{/repo}","subscriptions_url":"https://api.github.com/users/agenix-sh/subscriptions","organizations_url":"https://api.github.com/users/agenix-sh/orgs","repos_url":"https://api.github.com/users/agenix-sh/repos","events_url":"https://api.github.com/users/agenix-sh/events{/privacy}","received_events_url":"https://api.github.com/users/agenix-sh/received_events","type":"Organization","user_view_type":"public","site_admin":false},"html_url":"https://github.com/agenix-sh/agw","description":null,"fork":false,"url":"https://api.github.com/repos/agenix-sh/agw","forks_url":"https://api.github.com/repos/agenix-sh/agw/forks","keys_url":"https://api.github.com/repos/agenix-sh/agw/keys{/key_id}","collaborators_url":"https://api.github.com/repos/agenix-sh/agw/collaborators{/collaborator}","teams_url":"https://api.github.com/repos/agenix-sh/agw/teams","hooks_url":"https://api.github.com/repos/agenix-sh/agw/hooks","issue_events_url":"https://api.github.com/repos/agenix-sh/agw/issues/events{/number}","events_url":"https://api.github.com/repos/agenix-sh/agw/events","assignees_url":"https://api.github.com/repos/agenix-sh/agw/assignees{/user}","branches_url":"https://api.github.com/repos/agenix-sh/agw/branches{/branch}","tags_url":"https://api.github.com/repos/agenix-sh/agw/tags","blobs_url":"https://api.github.com/repos/agenix-sh/agw/git/blobs{/sha}","git_tags_url":"https://api.github.com/repos/agenix-sh/agw/git/tags{/sha}","git_refs_url":"https://api.github.com/repos/agenix-sh/agw/git/refs{/sha}","trees_url":"https://api.github.com/repos/agenix-sh/agw/git/trees{/sha}","statuses_url":"https://api.github.com/repos/agenix-sh/agw/statuses/{sha}","languages_url":"https://api.github.com/repos/agenix-sh/agw/languages","stargazers_url":"https://api.github.com/repos/agenix-sh/agw/stargazers","contributors_url":"https://api.github.com/repos/agenix-sh/agw/contributors","subscribers_url":"https://api.github.com/repos/agenix-sh/agw/subscribers","subscription_url":"https://api.github.com/repos/agenix-sh/agw/subscription","commits_url":"https://api.github.com/repos/agenix-sh/agw/commits{/sha}","git_commits_url":"https://api.github.com/repos/agenix-sh/agw/git/commits{/sha}","comments_url":"https://api.github.com/repos/agenix-sh/agw/comments{/number}","issue_comment_url":"https://api.github.com/repos/agenix-sh/agw/issues/comments{/number}","contents_url":"https://api.github.com/repos/agenix-sh/agw/contents/{+path}","compare_url":"https://api.github.com/repos/agenix-sh/agw/compare/{base}...{head}","merges_url":"https://api.github.com/repos/agenix-sh/agw/merges","archive_url":"https://api.github.com/repos/agenix-sh/agw/{archive_format}{/ref}","downloads_url":"https://api.github.com/repos/agenix-sh/agw/downloads","issues_url":"https://api.github.com/repos/agenix-sh/agw/issues{/number}","pulls_url":"https://api.github.com/repos/agenix-sh/agw/pulls{/number}","milestones_url":"https://api.github.com/repos/agenix-sh/agw/milestones{/number}","notifications_url":"https://api.github.com/repos/agenix-sh/agw/notifications{?since,all,participating}","labels_url":"https://api.github.com/repos/agenix-sh/agw/labels{/name}","releases_url":"https://api.github.com/repos/agenix-sh/agw/releases{/id}","deployments_url":"https://api.github.com/repos/agenix-sh/agw/deployments","created_at":"2025-11-15T09:24:26Z","updated_at":"2025-11-16T08:32:22Z","pushed_at":"2025-11-16T08:48:18Z","git_url":"git://github.com/agenix-sh/agw.git","ssh_url":"git@github.com:agenix-sh/agw.git","clone_url":"https://github.com/agenix-sh/agw.git","svn_url":"https://github.com/agenix-sh/agw","homepage":null,"size":130,"stargazers_count":0,"watchers_count":0,"language":"Rust","has_issues":true,"has_projects":true,"has_downloads":true,"has_wiki":true,"has_pages":false,"has_discussions":false,"forks_count":0,"mirror_url":null,"archived":false,"disabled":false,"open_issues_count":5,"license":null,"allow_forking":true,"is_template":false,"web_commit_signoff_required":false,"topics":[],"visibility":"public","forks":0,"open_issues":5,"watchers":0,"default_branch":"main","permissions":{"admin":true,"maintain":true,"push":true,"triage":true,"pull":true},"temp_clone_token":"","allow_squash_merge":true,"allow_merge_commit":true,"allow_rebase_merge":true,"allow_auto_merge":false,"delete_branch_on_merge":false,"allow_update_branch":false,"use_squash_pr_title_as_default":false,"squash_merge_commit_message":"COMMIT_MESSAGES","squash_merge_commit_title":"COMMIT_OR_PR_TITLE","merge_commit_message":"PR_TITLE","merge_commit_title":"MERGE_MESSAGE","custom_properties":{},"organization":{"login":"agenix-sh","id":243966935,"node_id":"O_kgDODoqj1w","avatar_url":"https://avatars.githubusercontent.com/u/243966935?v=4","gravatar_id":"","url":"https://api.github.com/users/agenix-sh","html_url":"https://github.com/agenix-sh","followers_url":"https://api.github.com/users/agenix-sh/followers","following_url":"https://api.github.com/users/agenix-sh/following{/other_user}","gists_url":"https://api.github.com/users/agenix-sh/gists{/gist_id}","starred_url":"https://api.github.com/users/agenix-sh/starred{/owner}{/repo}","subscriptions_url":"https://api.github.com/users/agenix-sh/subscriptions","organizations_url":"https://api.github.com/users/agenix-sh/orgs","repos_url":"https://api.github.com/users/agenix-sh/repos","events_url":"https://api.github.com/users/agenix-sh/events{/privacy}","received_events_url":"https://api.github.com/users/agenix-sh/received_events","type":"Organization","user_view_type":"public","site_admin":false},"security_and_analysis":{"secret_scanning":{"status":"disabled"},"secret_scanning_push_protection":{"status":"disabled"},"dependabot_security_updates":{"status":"disabled"},"secret_scanning_non_provider_patterns":{"status":"disabled"},"secret_scanning_validity_checks":{"status":"disabled"}},"network_count":0,"subscribers_count":0}