{"sha":"8c6a6b03bd1d16274a9b8761c4f28dbb8ee1f777","url":"https://api.github.com/repos/agenix-sh/agw/git/trees/8c6a6b03bd1d16274a9b8761c4f28dbb8ee1f777","tree":[{"path":".github","mode":"040000","type":"tree","sha":"2f1be618c9b295c52c992f1b9ba2234615a51331","url":"https://api.github.com/repos/agenix-sh/agw/git/trees/2f1be618c9b295c52c992f1b9ba2234615a51331"},{"path":".github/CICD_SETUP.md","mode":"100644","type":"blob","sha":"2dd109001dae36f96dc366dee3c1fa174cd1c064","size":9226,"url":"https://api.github.com/repos/agenix-sh/agw/git/blobs/2dd109001dae36f96dc366dee3c1fa174cd1c064"},{"path":".github/DEPLOYMENT_SUMMARY.md","mode":"100644","type":"blob","sha":"4f33d70d2ded727a0d64a9637f0452932419f50d","size":10204,"url":"https://api.github.com/repos/agenix-sh/agw/git/blobs/4f33d70d2ded727a0d64a9637f0452932419f50d"},{"path":".github/TEMPLATE_FOR_AGX_AGW.md","mode":"100644","type":"blob","sha":"9a50d9809ecdebc61a2ca1b391576aa4dd3231e5","size":5800,"url":"https://api.github.com/repos/agenix-sh/agw/git/blobs/9a50d9809ecdebc61a2ca1b391576aa4dd3231e5"},{"path":".github/workflows","mode":"040000","type":"tree","sha":"e64cdcb9a49550992e03f246389a2c02ea25d6c6","url":"https://api.github.com/repos/agenix-sh/agw/git/trees/e64cdcb9a49550992e03f246389a2c02ea25d6c6"},{"path":".github/workflows/ci.yml","mode":"100644","type":"blob","sha":"bbe87d3c45e918ff3868e88c43c6b494a98132d6","size":5144,"url":"https://api.github.com/repos/agenix-sh/agw/git/blobs/bbe87d3c45e918ff3868e88c43c6b494a98132d6"},{"path":".github/workflows/claude-code-review.yml","mode":"100644","type":"blob","sha":"205b0fe26d17d9b70804d2f9b8dff4fbb60b1cb7","size":1964,"url":"https://api.github.com/repos/agenix-sh/agw/git/blobs/205b0fe26d17d9b70804d2f9b8dff4fbb60b1cb7"},{"path":".github/workflows/claude.yml","mode":"100644","type":"blob","sha":"412cef9e6785990d352aec5b9df3141e878fe3b5","size":1898,"url":"https://api.github.com/repos/agenix-sh/agw/git/blobs/412cef9e6785990d352aec5b9df3141e878fe3b5"},{"path":".github/workflows/pr-checks.yml","mode":"100644","type":"blob","sha":"4928a81ea6ccc4f465b3059774dd95e1191efc01","size":7078,"url":"https://api.github.com/repos/agenix-sh/agw/git/blobs/4928a81ea6ccc4f465b3059774dd95e1191efc01"},{"path":".github/workflows/release.yml","mode":"100644","type":"blob","sha":"bafd583f176187a7f5e6fdbf3f511e599c910893","size":4091,"url":"https://api.github.com/repos/agenix-sh/agw/git/blobs/bafd583f176187a7f5e6fdbf3f511e599c910893"},{"path":".gitignore","mode":"100644","type":"blob","sha":"d7dc24c8c67780c2fe2ead344aefe411d890eea8","size":152,"url":"https://api.github.com/repos/agenix-sh/agw/git/blobs/d7dc24c8c67780c2fe2ead344aefe411d890eea8"},{"path":"CLAUDE.md","mode":"100644","type":"blob","sha":"50f90d00bae00bd40a2850908f37d029c2d5d429","size":7602,"url":"https://api.github.com/repos/agenix-sh/agw/git/blobs/50f90d00bae00bd40a2850908f37d029c2d5d429"},{"path":"Cargo.lock","mode":"100644","type":"blob","sha":"02edd28d8caa68c87f1a851f3678a7a880761523","size":37345,"url":"https://api.github.com/repos/agenix-sh/agw/git/blobs/02edd28d8caa68c87f1a851f3678a7a880761523"},{"path":"Cargo.toml","mode":"100644","type":"blob","sha":"2f8988bbddff9c63fecb9c8cf7a971e52e4b3488","size":1027,"url":"https://api.github.com/repos/agenix-sh/agw/git/blobs/2f8988bbddff9c63fecb9c8cf7a971e52e4b3488"},{"path":"README.md","mode":"100644","type":"blob","sha":"220da34c54147feed8fa2e08bf0c3af39c7cc72d","size":2403,"url":"https://api.github.com/repos/agenix-sh/agw/git/blobs/220da34c54147feed8fa2e08bf0c3af39c7cc72d"},{"path":"docs","mode":"040000","type":"tree","sha":"8d20d9f3cb75de3b1b973f357b8381f9938ce6c6","url":"https://api.github.com/repos/agenix-sh/agw/git/trees/8d20d9f3cb75de3b1b973f357b8381f9938ce6c6"},{"path":"docs/ARCHITECTURE.md","mode":"100644","type":"blob","sha":"12f27657286e809cb0b51b10fb9a7345287cd383","size":2985,"url":"https://api.github.com/repos/agenix-sh/agw/git/blobs/12f27657286e809cb0b51b10fb9a7345287cd383"},{"path":"docs/JOB_SCHEMA.md","mode":"100644","type":"blob","sha":"b7083aa4ea755cf8a70f0b330d889e4a2b0d8023","size":2069,"url":"https://api.github.com/repos/agenix-sh/agw/git/blobs/b7083aa4ea755cf8a70f0b330d889e4a2b0d8023"},{"path":"docs/ROADMAP.md","mode":"100644","type":"blob","sha":"38037ec7635e69fc458b44782cc460ecc83f07a2","size":2550,"url":"https://api.github.com/repos/agenix-sh/agw/git/blobs/38037ec7635e69fc458b44782cc460ecc83f07a2"},{"path":"docs/RUST_ENVIRONMENT.md","mode":"100644","type":"blob","sha":"4bc006d71b3fe4f17d9fa4043e32df1b77624357","size":10940,"url":"https://api.github.com/repos/agenix-sh/agw/git/blobs/4bc006d71b3fe4f17d9fa4043e32df1b77624357"},{"path":"docs/RUST_TOOLCHAIN_PROPOSAL.md","mode":"100644","type":"blob","sha":"761481423c64304d4f28be0d87acd5bd3b3d63b5","size":5972,"url":"https://api.github.com/repos/agenix-sh/agw/git/blobs/761481423c64304d4f28be0d87acd5bd3b3d63b5"},{"path":"docs/architecture-memo-job-structure.md","mode":"100644","type":"blob","sha":"0ea1da8626b7d023575c29ad0ec302cb8051db60","size":6385,"url":"https://api.github.com/repos/agenix-sh/agw/git/blobs/0ea1da8626b7d023575c29ad0ec302cb8051db60"},{"path":"rust-toolchain.toml","mode":"100644","type":"blob","sha":"d8fb2147e6c5ae3f88fc094cdc330c0c7545bc7b","size":96,"url":"https://api.github.com/repos/agenix-sh/agw/git/blobs/d8fb2147e6c5ae3f88fc094cdc330c0c7545bc7b"},{"path":"src","mode":"040000","type":"tree","sha":"936e6b66526ce75c7f3d99203eb4111f3e5c1f11","url":"https://api.github.com/repos/agenix-sh/agw/git/trees/936e6b66526ce75c7f3d99203eb4111f3e5c1f11"},{"path":"src/config.rs","mode":"100644","type":"blob","sha":"cbf96d75c979b2287b8d866af4d09b86798a0fbf","size":6029,"url":"https://api.github.com/repos/agenix-sh/agw/git/blobs/cbf96d75c979b2287b8d866af4d09b86798a0fbf"},{"path":"src/error.rs","mode":"100644","type":"blob","sha":"2e4fae715e7d4c2d6ea69fe4a9bede9187db44e2","size":779,"url":"https://api.github.com/repos/agenix-sh/agw/git/blobs/2e4fae715e7d4c2d6ea69fe4a9bede9187db44e2"},{"path":"src/executor.rs","mode":"100644","type":"blob","sha":"978699e511bf3713011d5f617259037a9098a0fb","size":14608,"url":"https://api.github.com/repos/agenix-sh/agw/git/blobs/978699e511bf3713011d5f617259037a9098a0fb"},{"path":"src/lib.rs","mode":"100644","type":"blob","sha":"60e28e37454d9b8ab990e2c663ddd915f972236d","size":129,"url":"https://api.github.com/repos/agenix-sh/agw/git/blobs/60e28e37454d9b8ab990e2c663ddd915f972236d"},{"path":"src/main.rs","mode":"100644","type":"blob","sha":"75062740a18b549a803d9df0e8f17c7e93889125","size":699,"url":"https://api.github.com/repos/agenix-sh/agw/git/blobs/75062740a18b549a803d9df0e8f17c7e93889125"},{"path":"src/plan.rs","mode":"100644","type":"blob","sha":"918bc510f1542e778ce6a558c43e66d65f394039","size":14883,"url":"https://api.github.com/repos/agenix-sh/agw/git/blobs/918bc510f1542e778ce6a558c43e66d65f394039"},{"path":"src/resp.rs","mode":"100644","type":"blob","sha":"1180589caeba6ac98240fb17c06caf9934c39baf","size":5960,"url":"https://api.github.com/repos/agenix-sh/agw/git/blobs/1180589caeba6ac98240fb17c06caf9934c39baf"},{"path":"src/worker.rs","mode":"100644","type":"blob","sha":"2a56265ddeebf513e9ee1fc7bc7075048a12cdd8","size":7165,"url":"https://api.github.com/repos/agenix-sh/agw/git/blobs/2a56265ddeebf513e9ee1fc7bc7075048a12cdd8"},{"path":"tests","mode":"040000","type":"tree","sha":"d912d18c02748d15a191800db604057bf266b130","url":"https://api.github.com/repos/agenix-sh/agw/git/trees/d912d18c02748d15a191800db604057bf266b130"},{"path":"tests/integration_test.rs","mode":"100644","type":"blob","sha":"54cc6b4fa5d651d293520073b45f9298e1bf858f","size":3298,"url":"https://api.github.com/repos/agenix-sh/agw/git/blobs/54cc6b4fa5d651d293520073b45f9298e1bf858f"}],"truncated":false}