[{"createdAt":"2025-11-16T08:28:55Z","labels":[{"id":"LA_kwDOQVk1rM8AAAACPuvkNg","name":"architecture","description":"","color":"a55eea"}],"number":42,"state":"OPEN","title":"AGX-044: Implement action.submit semantics","updatedAt":"2025-11-16T08:28:55Z"},{"createdAt":"2025-11-16T07:53:34Z","labels":[{"id":"LA_kwDOQVk1rM8AAAACPuvkNg","name":"architecture","description":"","color":"a55eea"}],"number":40,"state":"OPEN","title":"AGX-043: Align nomenclature with EXECUTION-LAYERS (plan.submit & action.submit)","updatedAt":"2025-11-16T07:54:18Z"},{"createdAt":"2025-11-15T20:31:12Z","labels":[{"id":"LA_kwDOQVk1rM8AAAACPuvkNg","name":"architecture","description":"","color":"a55eea"}],"number":39,"state":"OPEN","title":"AGX-042: Add interactive PLAN REPL","updatedAt":"2025-11-15T20:40:03Z"},{"createdAt":"2025-11-15T19:17:10Z","labels":[{"id":"LA_kwDOQVk1rM8AAAACPuvkNg","name":"architecture","description":"","color":"a55eea"}],"number":36,"state":"CLOSED","title":"AGX-040: Adopt job envelope for PLAN submit","updatedAt":"2025-11-15T20:18:26Z"},{"createdAt":"2025-11-15T09:57:44Z","labels":[{"id":"LA_kwDOQVk1rM8AAAACPuvkNg","name":"architecture","description":"","color":"a55eea"}],"number":32,"state":"CLOSED","title":"AGX-032: Add Ops mode commands for AGQ","updatedAt":"2025-11-15T20:17:42Z"},{"createdAt":"2025-11-15T09:57:07Z","labels":[{"id":"LA_kwDOQVk1rM8AAAACPuvkNg","name":"architecture","description":"","color":"a55eea"}],"number":31,"state":"CLOSED","title":"AGX-031: Wire PLAN submit to AGQ","updatedAt":"2025-11-15T18:11:08Z"},{"createdAt":"2025-11-15T09:52:10Z","labels":[{"id":"LA_kwDOQVk1rM8AAAACPuvkNg","name":"architecture","description":"","color":"a55eea"}],"number":30,"state":"CLOSED","title":"AGX-030: Implement PLAN subcommands for Phase 1","updatedAt":"2025-11-15T16:49:32Z"},{"createdAt":"2025-11-14T19:42:10Z","labels":[],"number":27,"state":"CLOSED","title":"Command line options","updatedAt":"2025-11-15T09:51:44Z"},{"createdAt":"2025-11-14T18:25:47Z","labels":[],"number":25,"state":"CLOSED","title":"Bug when using awk for more complex workflows","updatedAt":"2025-11-15T09:51:49Z"},{"createdAt":"2025-11-14T15:48:22Z","labels":[{"id":"LA_kwDOQVk1rM8AAAACPuvkNg","name":"architecture","description":"","color":"a55eea"}],"number":22,"state":"OPEN","title":"AGX-022: Abstract planner model backend","updatedAt":"2025-11-15T15:57:56Z"},{"createdAt":"2025-11-14T13:46:46Z","labels":[{"id":"LA_kwDOQVk1rM8AAAACPukDZA","name":"enhancement","description":"New feature or request","color":"a2eeef"}],"number":19,"state":"CLOSED","title":"Installer and distribution design (agenix.sh bootstrap)","updatedAt":"2025-11-14T15:25:08Z"},{"createdAt":"2025-11-14T13:32:59Z","labels":[{"id":"LA_kwDOQVk1rM8AAAACPukDZA","name":"enhancement","description":"New feature or request","color":"a2eeef"}],"number":17,"state":"CLOSED","title":"Parameterized tools and examples library","updatedAt":"2025-11-14T15:24:49Z"},{"createdAt":"2025-11-14T10:53:02Z","labels":[{"id":"LA_kwDOQVk1rM8AAAACPuvkNg","name":"architecture","description":"","color":"a55eea"}],"number":10,"state":"CLOSED","title":"Plan MCP Integration Layer","updatedAt":"2025-11-15T09:51:55Z"},{"createdAt":"2025-11-14T10:53:01Z","labels":[{"id":"LA_kwDOQVk1rM8AAAACPuvkbQ","name":"research","description":"","color":"ffb300"}],"number":9,"state":"OPEN","title":"AGX-009: Research/Prototype llama.cpp Embedding","updatedAt":"2025-11-15T15:58:03Z"},{"createdAt":"2025-11-14T10:52:59Z","labels":[{"id":"LA_kwDOQVk1rM8AAAACPuvkqw","name":"governance","description":"","color":"4b7bec"}],"number":8,"state":"OPEN","title":"AGX-008: Add CI Pipeline (cargo fmt + clippy)","updatedAt":"2025-11-15T15:58:15Z"},{"createdAt":"2025-11-14T10:52:58Z","labels":[{"id":"LA_kwDOQVk1rM8AAAACPukDZA","name":"enhancement","description":"New feature or request","color":"a2eeef"}],"number":7,"state":"CLOSED","title":"End-to-End Prototype: remove duplicates","updatedAt":"2025-11-14T13:12:47Z"},{"createdAt":"2025-11-14T10:52:56Z","labels":[{"id":"LA_kwDOQVk1rM8AAAACPukDZA","name":"enhancement","description":"New feature or request","color":"a2eeef"}],"number":6,"state":"CLOSED","title":"Implement Workflow Executor","updatedAt":"2025-11-14T13:09:07Z"},{"createdAt":"2025-11-14T10:52:55Z","labels":[{"id":"LA_kwDOQVk1rM8AAAACPuvkNg","name":"architecture","description":"","color":"a55eea"}],"number":5,"state":"CLOSED","title":"Define JSON Workflow Plan Schema","updatedAt":"2025-11-14T12:42:31Z"},{"createdAt":"2025-11-14T10:52:54Z","labels":[{"id":"LA_kwDOQVk1rM8AAAACPuvkNg","name":"architecture","description":"","color":"a55eea"}],"number":4,"state":"CLOSED","title":"Planner Agent (Ollama Integration)","updatedAt":"2025-11-14T12:28:22Z"},{"createdAt":"2025-11-14T10:52:52Z","labels":[{"id":"LA_kwDOQVk1rM8AAAACPukDZA","name":"enhancement","description":"New feature or request","color":"a2eeef"}],"number":3,"state":"CLOSED","title":"Create Static Tool Registry (v0)","updatedAt":"2025-11-14T12:06:56Z"},{"createdAt":"2025-11-14T10:52:50Z","labels":[{"id":"LA_kwDOQVk1rM8AAAACPukDZA","name":"enhancement","description":"New feature or request","color":"a2eeef"}],"number":2,"state":"CLOSED","title":"Implement Input Collector","updatedAt":"2025-11-14T11:50:21Z"},{"createdAt":"2025-11-14T10:52:49Z","labels":[{"id":"LA_kwDOQVk1rM8AAAACPukDZA","name":"enhancement","description":"New feature or request","color":"a2eeef"}],"number":1,"state":"CLOSED","title":"Bootstrap AGX Rust CLI","updatedAt":"2025-11-14T11:21:20Z"}]
