[{"createdAt":"2025-11-16T10:35:49Z","labels":[],"number":43,"state":"OPEN","title":"Add comprehensive CLAUD.md documentation for Claude AI integration","updatedAt":"2025-11-16T10:37:28Z"},{"createdAt":"2025-11-16T08:24:16Z","labels":[],"number":41,"state":"OPEN","title":"AGX-043: Align nomenclature and add execution layers schema","updatedAt":"2025-11-16T08:49:02Z"},{"createdAt":"2025-11-15T20:07:22Z","labels":[],"number":38,"state":"MERGED","title":"Add plan_description support and document job schema","updatedAt":"2025-11-15T20:09:24Z"},{"createdAt":"2025-11-15T19:33:23Z","labels":[],"number":37,"state":"MERGED","title":"AGX-040: Adopt job envelope for PLAN submit","updatedAt":"2025-11-15T20:07:03Z"},{"createdAt":"2025-11-15T18:27:54Z","labels":[],"number":35,"state":"MERGED","title":"AGX-032: Add Ops mode commands","updatedAt":"2025-11-15T19:18:54Z"},{"createdAt":"2025-11-15T17:00:33Z","labels":[],"number":34,"state":"MERGED","title":"AGX-031: Wire PLAN submit to AGQ","updatedAt":"2025-11-15T18:09:04Z"},{"createdAt":"2025-11-15T14:32:36Z","labels":[],"number":33,"state":"MERGED","title":"AGX-030: Add PLAN CLI workflow","updatedAt":"2025-11-15T16:35:41Z"},{"createdAt":"2025-11-15T07:23:17Z","labels":[],"number":29,"state":"MERGED","title":"Add Claude Code GitHub Workflow","updatedAt":"2025-11-15T07:25:28Z"},{"createdAt":"2025-11-14T22:13:52Z","labels":[{"id":"LA_kwDOQVk1rM8AAAACPxFJWg","name":"codex","description":"","color":"ededed"}],"number":28,"state":"MERGED","title":"Add CLI flags for help, version, and debug","updatedAt":"2025-11-14T22:20:48Z"},{"createdAt":"2025-11-14T18:38:52Z","labels":[{"id":"LA_kwDOQVk1rM8AAAACPxFJWg","name":"codex","description":"","color":"ededed"}],"number":26,"state":"MERGED","title":"Repair planner JSON parsing for awk-style quotes","updatedAt":"2025-11-14T19:30:27Z"},{"createdAt":"2025-11-14T16:42:01Z","labels":[],"number":24,"state":"MERGED","title":"Add embedded llm backend (feature-gated)","updatedAt":"2025-11-14T18:24:10Z"},{"createdAt":"2025-11-14T15:55:18Z","labels":[],"number":23,"state":"MERGED","title":"Abstract planner model backend (OllamaBackend)","updatedAt":"2025-11-14T15:59:38Z"},{"createdAt":"2025-11-14T15:30:06Z","labels":[],"number":21,"state":"MERGED","title":"Fix PlanStep initialisers after args field","updatedAt":"2025-11-14T15:32:15Z"},{"createdAt":"2025-11-14T13:57:40Z","labels":[],"number":20,"state":"MERGED","title":"Add installer script for binary and source installs (#19)","updatedAt":"2025-11-14T15:13:38Z"},{"createdAt":"2025-11-14T13:43:11Z","labels":[],"number":18,"state":"MERGED","title":"Add tool arguments, jq support, and examples (#17)","updatedAt":"2025-11-14T15:11:59Z"},{"createdAt":"2025-11-14T12:51:22Z","labels":[],"number":16,"state":"MERGED","title":"Implement workflow Executor (#6)","updatedAt":"2025-11-14T13:08:39Z"},{"createdAt":"2025-11-14T12:36:52Z","labels":[],"number":15,"state":"MERGED","title":"Define JSON workflow plan schema (#5)","updatedAt":"2025-11-14T12:42:22Z"},{"createdAt":"2025-11-14T12:07:00Z","labels":[],"number":14,"state":"MERGED","title":"Implement Planner Agent with Ollama (#4)","updatedAt":"2025-11-14T12:14:50Z"},{"createdAt":"2025-11-14T11:58:54Z","labels":[],"number":13,"state":"MERGED","title":"Create static Tool Registry (#3)","updatedAt":"2025-11-14T12:06:38Z"},{"createdAt":"2025-11-14T11:26:31Z","labels":[],"number":12,"state":"MERGED","title":"Implement Input Collector (#2)","updatedAt":"2025-11-14T11:50:04Z"},{"createdAt":"2025-11-14T11:16:10Z","labels":[],"number":11,"state":"MERGED","title":"Bootstrap AGX Rust CLI (#1)","updatedAt":"2025-11-14T11:21:02Z"}]
