{"sha":"83294cba9dafe09d09dc9bc64c90e2845ad39ec4","url":"https://api.github.com/repos/agenix-sh/agx/git/trees/83294cba9dafe09d09dc9bc64c90e2845ad39ec4","tree":[{"path":".github","mode":"040000","type":"tree","sha":"131628ce29c96f65f879f8d4bbe7fe578f061de4","url":"https://api.github.com/repos/agenix-sh/agx/git/trees/131628ce29c96f65f879f8d4bbe7fe578f061de4"},{"path":".github/CICD_SETUP.md","mode":"100644","type":"blob","sha":"7db18b65e127b702aa1bcbe6379914fbe88ac98c","size":9226,"url":"https://api.github.com/repos/agenix-sh/agx/git/blobs/7db18b65e127b702aa1bcbe6379914fbe88ac98c"},{"path":".github/DEPLOYMENT_SUMMARY.md","mode":"100644","type":"blob","sha":"3900381959470f33d056ae59856822afa112ea14","size":10204,"url":"https://api.github.com/repos/agenix-sh/agx/git/blobs/3900381959470f33d056ae59856822afa112ea14"},{"path":".github/TEMPLATE_FOR_AGX_AGW.md","mode":"100644","type":"blob","sha":"ae1d63301976026f7ae60f432d1f0a58b6c63285","size":5800,"url":"https://api.github.com/repos/agenix-sh/agx/git/blobs/ae1d63301976026f7ae60f432d1f0a58b6c63285"},{"path":".github/workflows","mode":"040000","type":"tree","sha":"fbf12afaea80abce2e168267b0db14de589b75d5","url":"https://api.github.com/repos/agenix-sh/agx/git/trees/fbf12afaea80abce2e168267b0db14de589b75d5"},{"path":".github/workflows/ci.yml","mode":"100644","type":"blob","sha":"fb2d9bb8c5c6801cda0bdd5da1f98545fe5c36e4","size":4886,"url":"https://api.github.com/repos/agenix-sh/agx/git/blobs/fb2d9bb8c5c6801cda0bdd5da1f98545fe5c36e4"},{"path":".github/workflows/claude-code-review.yml","mode":"100644","type":"blob","sha":"205b0fe26d17d9b70804d2f9b8dff4fbb60b1cb7","size":1964,"url":"https://api.github.com/repos/agenix-sh/agx/git/blobs/205b0fe26d17d9b70804d2f9b8dff4fbb60b1cb7"},{"path":".github/workflows/claude.yml","mode":"100644","type":"blob","sha":"412cef9e6785990d352aec5b9df3141e878fe3b5","size":1898,"url":"https://api.github.com/repos/agenix-sh/agx/git/blobs/412cef9e6785990d352aec5b9df3141e878fe3b5"},{"path":".github/workflows/pr-checks.yml","mode":"100644","type":"blob","sha":"66ec00f5ebe383a0e7c5b78ec1e6d4a55c66ff2a","size":6934,"url":"https://api.github.com/repos/agenix-sh/agx/git/blobs/66ec00f5ebe383a0e7c5b78ec1e6d4a55c66ff2a"},{"path":".github/workflows/release.yml","mode":"100644","type":"blob","sha":"d0f58d6cf37a9ccfff38e456d8d9d9d2dcd6b0a1","size":4091,"url":"https://api.github.com/repos/agenix-sh/agx/git/blobs/d0f58d6cf37a9ccfff38e456d8d9d9d2dcd6b0a1"},{"path":".gitignore","mode":"100644","type":"blob","sha":"3fec32c842751033d92c8967eba40c3911333a78","size":5,"url":"https://api.github.com/repos/agenix-sh/agx/git/blobs/3fec32c842751033d92c8967eba40c3911333a78"},{"path":"AGENTS.md","mode":"100644","type":"blob","sha":"0f88e48b7e0a75a211c7d9a942bb4b5fe13549c5","size":6302,"url":"https://api.github.com/repos/agenix-sh/agx/git/blobs/0f88e48b7e0a75a211c7d9a942bb4b5fe13549c5"},{"path":"Cargo.lock","mode":"100644","type":"blob","sha":"f9784ec2640a1acf3b42aafeeb0861af97e3f637","size":14790,"url":"https://api.github.com/repos/agenix-sh/agx/git/blobs/f9784ec2640a1acf3b42aafeeb0861af97e3f637"},{"path":"Cargo.toml","mode":"100644","type":"blob","sha":"49abf7f2ab4ef6dc28d4ebd7c9840eb422df83ee","size":496,"url":"https://api.github.com/repos/agenix-sh/agx/git/blobs/49abf7f2ab4ef6dc28d4ebd7c9840eb422df83ee"},{"path":"EXAMPLES.md","mode":"100644","type":"blob","sha":"1db35ef085dbae1c553f61b29012d1961166dc7b","size":989,"url":"https://api.github.com/repos/agenix-sh/agx/git/blobs/1db35ef085dbae1c553f61b29012d1961166dc7b"},{"path":"README.md","mode":"100644","type":"blob","sha":"2efef5d07ee6758ec218c374704eab14428cddcf","size":3827,"url":"https://api.github.com/repos/agenix-sh/agx/git/blobs/2efef5d07ee6758ec218c374704eab14428cddcf"},{"path":"docs","mode":"040000","type":"tree","sha":"5ad4903ed62fd962e1244284845a19343be9eb45","url":"https://api.github.com/repos/agenix-sh/agx/git/trees/5ad4903ed62fd962e1244284845a19343be9eb45"},{"path":"docs/ARCHITECTURE.md","mode":"100644","type":"blob","sha":"12f27657286e809cb0b51b10fb9a7345287cd383","size":2985,"url":"https://api.github.com/repos/agenix-sh/agx/git/blobs/12f27657286e809cb0b51b10fb9a7345287cd383"},{"path":"docs/JOB_SCHEMA.md","mode":"100644","type":"blob","sha":"b7083aa4ea755cf8a70f0b330d889e4a2b0d8023","size":2069,"url":"https://api.github.com/repos/agenix-sh/agx/git/blobs/b7083aa4ea755cf8a70f0b330d889e4a2b0d8023"},{"path":"docs/ROADMAP.md","mode":"100644","type":"blob","sha":"34456c5c0207a7df3a4ef2d4368115675a013e45","size":2623,"url":"https://api.github.com/repos/agenix-sh/agx/git/blobs/34456c5c0207a7df3a4ef2d4368115675a013e45"},{"path":"rust-toolchain.toml","mode":"100644","type":"blob","sha":"35a71bb786ac511db63d171edc1d430c4d4a550e","size":98,"url":"https://api.github.com/repos/agenix-sh/agx/git/blobs/35a71bb786ac511db63d171edc1d430c4d4a550e"},{"path":"scripts","mode":"040000","type":"tree","sha":"1dc3e132018b55a7b4844a0f89ba0214407c6e9e","url":"https://api.github.com/repos/agenix-sh/agx/git/trees/1dc3e132018b55a7b4844a0f89ba0214407c6e9e"},{"path":"scripts/install.sh","mode":"100644","type":"blob","sha":"2e520a1de34d9cc86890de17f38e510860da6abc","size":4441,"url":"https://api.github.com/repos/agenix-sh/agx/git/blobs/2e520a1de34d9cc86890de17f38e510860da6abc"},{"path":"src","mode":"040000","type":"tree","sha":"a9d60d6219cbfcc959be04ba0a38d4856017cb4f","url":"https://api.github.com/repos/agenix-sh/agx/git/trees/a9d60d6219cbfcc959be04ba0a38d4856017cb4f"},{"path":"src/agq_client.rs","mode":"100644","type":"blob","sha":"1242f15f0b20cff6292a0cdd4311fac284f80284","size":12052,"url":"https://api.github.com/repos/agenix-sh/agx/git/blobs/1242f15f0b20cff6292a0cdd4311fac284f80284"},{"path":"src/cli.rs","mode":"100644","type":"blob","sha":"4587ffa6637d6008d5c66f64ec10ad7fdcfa8b61","size":9460,"url":"https://api.github.com/repos/agenix-sh/agx/git/blobs/4587ffa6637d6008d5c66f64ec10ad7fdcfa8b61"},{"path":"src/executor.rs","mode":"100644","type":"blob","sha":"87adef75db17191f1e85575ca33655d994388f89","size":2319,"url":"https://api.github.com/repos/agenix-sh/agx/git/blobs/87adef75db17191f1e85575ca33655d994388f89"},{"path":"src/input.rs","mode":"100644","type":"blob","sha":"1abf8e596ebc8841ae8dbadf0c7c081bf516eae3","size":1839,"url":"https://api.github.com/repos/agenix-sh/agx/git/blobs/1abf8e596ebc8841ae8dbadf0c7c081bf516eae3"},{"path":"src/job.rs","mode":"100644","type":"blob","sha":"d00ee25cff8d422c56d023ac9e439ea8dbf52e42","size":6110,"url":"https://api.github.com/repos/agenix-sh/agx/git/blobs/d00ee25cff8d422c56d023ac9e439ea8dbf52e42"},{"path":"src/lib.rs","mode":"100644","type":"blob","sha":"eef3b2cbad65baf71822d309ee5e24244e0ab593","size":8586,"url":"https://api.github.com/repos/agenix-sh/agx/git/blobs/eef3b2cbad65baf71822d309ee5e24244e0ab593"},{"path":"src/logging.rs","mode":"100644","type":"blob","sha":"1e8996dda3b54d891883411e1533751ad3078414","size":320,"url":"https://api.github.com/repos/agenix-sh/agx/git/blobs/1e8996dda3b54d891883411e1533751ad3078414"},{"path":"src/main.rs","mode":"100644","type":"blob","sha":"91b3403305a30bacafcd005e77e0059b1c4a3e52","size":118,"url":"https://api.github.com/repos/agenix-sh/agx/git/blobs/91b3403305a30bacafcd005e77e0059b1c4a3e52"},{"path":"src/plan.rs","mode":"100644","type":"blob","sha":"b26aca5dc8277fe7afdb0c443dc81645d862e672","size":7529,"url":"https://api.github.com/repos/agenix-sh/agx/git/blobs/b26aca5dc8277fe7afdb0c443dc81645d862e672"},{"path":"src/plan_buffer.rs","mode":"100644","type":"blob","sha":"b285cd368e279b527796131d366f729a80f08523","size":6387,"url":"https://api.github.com/repos/agenix-sh/agx/git/blobs/b285cd368e279b527796131d366f729a80f08523"},{"path":"src/planner.rs","mode":"100644","type":"blob","sha":"e110e6abf0791f2f8c06dee51cccd4b6c663c998","size":7076,"url":"https://api.github.com/repos/agenix-sh/agx/git/blobs/e110e6abf0791f2f8c06dee51cccd4b6c663c998"},{"path":"src/registry.rs","mode":"100644","type":"blob","sha":"5fdaed4948924c666261c31a1eca1a22237fbd70","size":2918,"url":"https://api.github.com/repos/agenix-sh/agx/git/blobs/5fdaed4948924c666261c31a1eca1a22237fbd70"}],"truncated":false}